id,definition,created_at,updated_at,name,parent_id,pft_type,modeltype_id
110,Early successional hardwood for eastern temperate forest. Default pft = 9. Archetypes are poplar and birch. May want to split into northern and southern types (e.g. sweetgum and tulip poplar),2011-02-01 20:21:47,2014-11-20 02:57:55.659967,temperate.Early_Hardwood.Kent,16,plant,1
131,Generic Sorghum for use with BioCro,2015-11-30 20:36:45.671684,2015-11-30 20:37:35.052745,sorghum,130,plant,2
109,based on ebifarm.salix; Willow for BioCro,2011-06-07 20:13:02,2016-01-22 17:16:02.521009,hardwood-priors,62,plant,2
125,Optical property priors for Mid Hardwood in ED2. Created by Toni Viskari and based Shawn Serbin's temperate.North_Mid_Hardwood.optics. Values from simulations of the PROSPECT4 model done by Alexey Shiklomanov.,2015-07-13 15:45:00.627735,2015-07-13 15:45:00.627735,Optics.Temperate_Mid_Hardwood,,plant,1
126,Optical property priors for Early Hardwood in ED2. Created by Toni Viskari and based Shawn Serbin's temperate.Early_Hardwood.optics. Values from simulations of the PROSPECT4 model done by Alexey Shiklomanov.,2015-07-13 16:15:10.760912,2015-07-13 16:15:10.760912,Optics.Temperate_Early_Hardwood,,plant,1
61,created by J. Mantooth for DOE variance decomposition synthesis.,2012-11-06 16:15:33,2012-11-06 16:15:33,ebifarm.quru.doe_vd,,plant,1
70,temperate conifer. edited by SPS for DOE synthesis paper.,2010-06-29 20:09:20,2013-05-23 17:11:38,tempconif.doe_vd,,plant,1
19,"Late successional conifer (e.g. hemlock, juniper, cedar) for eastern temperate forest.  Default pft = 8.",2011-02-01 20:35:23,2011-02-01 20:35:23,temperate.Late_Conifer,,plant,1
22,"Southern half of mid-successional temperate hardwoods (e.g. oak, hickory).  No default PFT.",2011-02-01 20:41:20,2011-02-01 20:41:20,temperate.South_Mid_Hardwood,,plant,1
127,Optical property priors for Late Conifer in ED2. Created by Toni Viskari and based Shawn Serbin's temperate.Late_conifer.optics. Values from simulations of the PROSPECT4 model done by Alexey Shiklomanov.,2015-07-13 18:01:10.002398,2015-07-13 18:01:10.002398,Optics.Temperate_Late_Conifer,,plant,1
119,Created by XF to use with mid successional trees in Luquillo. Corresponds with ED default PFT 3.,2015-02-17 05:36:39.018528,2015-02-17 07:11:11.485489,luquillo.mid_tropical,,plant,1
120,Created by XF to use with palm trees in Luquillo,2015-02-17 05:58:39.751205,2015-02-17 07:11:29.322869,luquillo.palm,,plant,1
118,Created by XF to use with early successional trees in Luquillo. Corresponds with ED default PFT 2.,2015-02-17 03:18:52.848572,2015-02-17 07:10:43.89455,luquillo.early_tropical,,plant,1
122,Agave spp yield data,2015-06-09 15:57:40.603509,2015-06-09 15:57:40.603509,agave.yield-copy,97,plant,1
123,Miscanthus for use with BioCro,2015-06-10 21:41:30.050361,2015-06-10 21:42:14.644926,Miscanthus_x_giganteus,103,plant,2
42,Generic PFT for temperate coniferous trees. Good for SIPNET model runs.,2012-07-10 18:49:21,2012-07-10 18:49:56,temperate.coniferous,,plant,3
65,Cloned from sipnet.temperate.deciduous and modified.,2012-07-10 04:11:17,2013-01-17 19:21:09,populus,,plant,3
116,"based on salix-sacchaleninsis; Willow for BioCro

This PFT is used for S. purpurea and for specific clones thereof (e.g. Fish Creek at Tully)",2011-06-07 20:13:02,2017-06-12 19:47:17.453435,salix-purpurea-old,108,plant,2
130,Generic C4 Grass for use with BioCro,2015-11-09 16:27:05.672454,2015-11-09 16:28:34.027799,c4grass,102,plant,2
124,Optical property priors for Late Hardwood in ED2. Created by Toni Viskari and based Shawn Serbin's temperate.Late_Hardwood.optics. Values from simulations of the PROSPECT4 model done by Alexey Shiklomanov.,2015-07-13 14:38:15.748299,2015-07-13 14:38:15.748299,Optics.Temperate_Late_Hardwood,,plant,1
25,created by D. LeBauer for use with Switchgrass at EBI Farm; used in LeBauer et al 2013 (citation_id = 656),2011-05-10 19:05:04,2016-05-10 03:13:48.247958,ebifarm.pavi,,plant,1
121,Created by XF to use with early successional trees in Luquillo. Corresponds with ED default PFT 4.,2015-02-17 06:02:47.158203,2015-02-17 07:11:51.839788,luquillo.late_tropical,,plant,1
58,Sugarcane PFT for use with BioCro ,2012-09-03 18:00:31,2012-11-05 22:01:05,saof,,plant,2
26,"Created by DW, altered by JM, altered for DOE_vd synthesis",2011-05-25 16:39:20,2012-11-30 18:34:21,ebifarm.acru,,plant,1
30,Created by DW,2011-06-07 20:11:24,2011-06-07 20:50:03,ebifarm.platanus,,plant,1
31,Created by DW,2011-06-07 20:13:02,2011-06-07 20:16:59,ebifarm.salix,,plant,1
32,Created by DW,2011-06-07 20:14:54,2011-06-09 18:16:50,ebifarm.liqui,,plant,1
34,Created by JM,2011-08-26 17:51:35,2011-08-26 17:52:54,ebifarm.quru,,plant,1
108,"based on ebifarm.salix; Willow for BioCro

This PFT is used for S. miyabeana and for specific clones thereof (e.g. SX61 at Tully)",2011-06-07 20:13:02,2017-06-12 19:47:33.324668,salix-miyabeana-old,62,plant,2
35,Created by JM,2011-08-26 17:53:48,2011-09-29 23:00:38,ebifarm.castanea,,plant,1
37,"Miscanthus sinensis, Miscanthus X giganteus",2011-09-21 13:19:09,2011-09-21 13:19:09,ebifarm.misp,,plant,1
38,energycane + sugarcane,2011-09-26 17:42:13,2011-09-27 20:24:21,saccharum,,plant,1
39,all plants,2011-09-27 15:53:10,2011-09-27 15:53:10,plants,,plant,1
40,Sugarcane variety RB72454 (Brazil),2012-02-09 18:25:14,2012-02-09 18:25:14,sugarcane-rb72454,,plant,1
44,"",2012-10-08 01:38:01,2012-10-08 01:38:01,gcs.corn,,plant,1
45,"",2012-10-08 01:48:51,2012-10-08 01:48:51,gcs.miscanthus,,plant,1
46,"",2012-10-08 01:49:36,2012-10-08 01:49:36,gcs.soybean,,plant,1
47,"",2012-10-08 01:51:16,2012-10-08 01:51:16,gcs.wheat,,plant,1
49,"",2012-10-16 00:33:32,2012-10-16 00:34:39,gcs.switchgrass,,plant,1
51,"Picea mariana, as typically dominates lowland sites across much of interior Alaska and Canada. 

Began as a clone of existing temperate.Mid_Conifer PFT.",2011-02-01 20:32:40,2012-10-25 00:08:56,boreal.blackspruce,,plant,1
52,"created by D. LeBauer for use with Switchgrass at EBI Farm for the DOE Variance Decomposition Synthesis; 

leaf_respiration_rate (prior_id 7) has been removed until bug #1474 is resolved",2011-05-10 19:05:04,2012-11-27 03:45:49,ebifarm.pavi.doe_vd,,plant,1
135,based on ebifarm.salix; Willow for BioCro,2017-06-12 19:46:16.423178,2017-06-12 19:47:43.736669,salix-purpurea,109,plant,2
53,"Created by S. Serbin for use with Late Hardwood PFTs at the ChEAS sites for the DOE Variance Decomposition Synthesis; 

Based on Late successional hardwood species for eastern temperate forest.  This corresponds to default pft 11. Archetypes would be sugar maple and beech.",2011-02-01 16:06:06,2012-11-01 21:59:06,temperate.Late_Hardwood.doe_vd,,plant,1
54,"Created by S. Serbin for use with Late late successional conifer PFTs at the ChEAS sites for the DOE Variance Decomposition Synthesis; Based on Late successional conifer (e.g. hemlock, juniper, cedar) for eastern temperate forest.  Default pft = 8.",2011-02-01 20:35:23,2012-11-02 15:17:14,temperate.Late_Conifer.doe_vd,,plant,1
55,Created by S. Serbin for use with arly successional broadleaf PFTs at the ChEAS sites for the DOE Variance Decomposition Synthesis; Based Early successional hardwood for eastern temperate forest. Default pft = 9. Archetypes are poplar and birch. May want to split into northern and southern types (e.g. sweetgum and tulip poplar),2011-02-01 20:21:47,2012-11-02 21:18:09,temperate.Early_Hardwood.doe_vd,,plant,1
56,"Created by S. Serbin for use with mid successional broadleaf PFTs at the ChEAS sites for the DOE Variance Decomposition Synthesis; Based on the Northern half of midsuccessional temperate hardwoods (e.g. oak, hickory, ash).  Default PFT = 10.",2011-02-01 20:39:36,2012-11-02 23:45:25,temperate.North_Mid_Hardwood.doe_vd,,plant,1
4,created by DW for use with poplar,2010-06-29 20:07:29,2011-07-29 17:43:56,tempdecid,,plant,1
57,Created by S. Serbin for use with mid successional pine PFTs at the ChEAS sites for the DOE Variance Decomposition Synthesis; Based on Northern Pine (early successional conifer) PFT for east temperate.  Default pft = 6.  Archetypes are red and white pine.,2011-02-01 20:29:56,2012-11-03 14:50:14,temperate.Northern_Pine.doe_vd,,plant,1
59,created by J. Mantooth for DOE variance decomposition synthesis. Same priors as late temperate hardwood pft.,2012-11-06 15:44:12,2012-11-06 16:06:12,ebifarm.acsa3.doe_vd,,plant,1
60,created by J. Mantooth. For use in DOE variance decomposition synthesis.,2012-11-06 16:07:48,2012-11-06 16:09:12,ebifarm.prse2.doe_vd,,plant,1
137,Switchgrass cultivar 9005438,2018-01-31 16:44:25.724483,2018-01-31 16:44:25.724483,Pavi_9005438,,cultivar,2
63,"Based on ebifarm.pavi.doe_vd prior created for Switchgrass at EBI Farm for the DOE Variance Decomposition Synthesis.  (should ultimately be identical to except for associated species).

leaf_respiration_rate (prior_id 7) has been removed until bug #1474 is resolved",2011-05-10 19:05:04,2012-11-28 23:19:57,ebifarm.c4grass.doe_vd,,plant,1
64,created by DW for use with poplar,2010-06-29 20:07:29,2012-12-30 07:15:25,ebifarm.populus,,plant,1
67,created by D. LeBauer for use with Sugarcane,2011-05-10 19:05:04,2013-04-17 21:51:58,ebifarm.saof,,plant,1
68,created by DW for use with poplar. Edited by SPS for use in the DOE synthesis paper.,2010-06-29 20:07:29,2013-05-22 13:25:57,tempdecid.doe_vd,,plant,1
69,Created by DW.  Modified by SPS for DOE synthesis paper.,2011-06-07 20:13:02,2013-05-23 14:33:19,ebifarm.salix.doe_vd,,plant,1
138,"Switchgrass cultivar ""Alamo""",2018-01-31 16:44:25.724483,2018-01-31 16:44:25.724483,Pavi_alamo,,cultivar,2
72,Grass PFT for tundra runs. Created by SPS for DOE synthesis paper.,2013-05-27 15:13:26,2013-05-27 15:13:26,tundra.grass.doe_vd,,plant,1
74,Evergreen tundra PFT. Created by SPS for DOE synthesis paper.,2013-05-27 17:19:26,2013-05-27 17:19:26,tundra.evergreen.doe_vd,,plant,1
75,Deciduous tundra PFT. Created by SPS for DOE synthesis paper.,2013-05-27 17:40:38,2013-05-27 17:40:38,tundra.deciduous.doe_vd,,plant,1
79,"Created by Shawn Serbin for development and testing of leaf optics in PEcAn MA/SA/VD/Ensemble runs with ED2.

Based on Late successional hardwood species for eastern temperate forest.  This corresponds to default pft 11. Archetypes would be sugar maple and beech.",2011-02-01 16:06:06,2013-09-19 17:35:24,temperate.Late_Hardwood.optics,,plant,1
80,"Created by S. Serbin for use with Late late successional conifer PFTs at the ChEAS sites for the DOE Variance Decomposition Synthesis; Based on Late successional conifer (e.g. hemlock, juniper, cedar) for eastern temperate forest.  Default pft = 8.",2011-02-01 20:35:23,2013-09-24 14:57:59,temperate.Late_Conifer.optics,,plant,1
81,Created by S. Serbin for use with arly successional broadleaf PFTs at the ChEAS sites for the DOE Variance Decomposition Synthesis; Based Early successional hardwood for eastern temperate forest. Default pft = 9. Archetypes are poplar and birch. May want to split into northern and southern types (e.g. sweetgum and tulip poplar),2011-02-01 20:21:47,2013-09-24 14:58:48,temperate.Early_Hardwood.optics,,plant,1
5,herbaceous nitrogen fixers. created by XF for use in prairie,2010-06-29 20:08:49,2011-08-26 00:11:02,ebifarm.nfixer,,plant,1
6,created by XF for use in prairie,2010-06-29 20:09:01,2010-09-01 23:03:18,ebifarm.c4grass,,plant,1
7,created by XF for use in prairie,2010-06-29 20:09:08,2010-09-01 23:03:28,ebifarm.c3grass,,plant,1
8,temperate conifer,2010-06-29 20:09:20,2011-08-26 00:11:25,tempconif,,plant,1
9,forb = not grass. Created by XF for use in prairie,2010-06-29 20:09:45,2010-09-01 23:04:11,ebifarm.forb,,plant,1
10,"created by DSL for use with Switchgrass, Miscanthus, and Corn",2010-08-31 16:19:13,2010-09-01 23:05:50,ebifarm.c4crop,,plant,1
139,"Switchgrass cultivar ""Cave-In-Rock""",2018-01-31 16:44:25.724483,2018-01-31 16:44:25.724483,Pavi_cir,,cultivar,2
12,Created by CD for use in tundra,2011-01-18 13:08:37,2011-01-18 13:08:37,tundra.grass,,plant,1
13,Created by CD for use in tundra,2011-01-18 13:08:54,2011-01-18 13:08:54,tundra.deciduous,,plant,1
14,Created by CD for use in tundra,2011-01-18 13:09:00,2011-01-18 13:09:00,tundra.evergreen,,plant,1
15,Late successional hardwood species for eastern temperate forest.  This corresponds to ED's PFT 11. Archetypes would be sugar maple and beech.,2011-02-01 16:06:06,2013-09-11 22:44:09,temperate.Late_Hardwood,,plant,1
16,Early successional hardwood for eastern temperate forest. Default pft = 9. Archetypes are poplar and birch. May want to split into northern and southern types (e.g. sweetgum and tulip poplar),2011-02-01 20:21:47,2011-02-01 20:21:47,temperate.Early_Hardwood,,plant,1
17,Northern Pine (early successional conifer) PFT for east temperate.  Default pft = 6.  Archetypes are red and white pine.,2011-02-01 20:29:56,2011-02-01 20:29:56,temperate.Northern_Pine,,plant,1
18,Mid-successional conifers (e.g. spruce and fir) for eastern temperate forests. No default pft. Substantial overlap with the common boreal species,2011-02-01 20:32:40,2011-02-01 20:32:40,temperate.Mid_Conifer,,plant,1
140,All switchgrass cultivars 20180125,2018-01-31 16:44:25.724483,2018-01-31 16:44:25.724483,Pavi_all,,cultivar,2
20,"Southern Pine (early successional conifer) for eastern temperate forest.  Default PFT = 7.  Archetypes are loblolly, slash, and long-leaf pines.",2011-02-01 20:37:47,2011-02-01 20:37:47,temperate.Southern_Pine,,plant,1
21,"Northern half of midsuccessional temperate hardwoods (e.g. oak, hickory, ash).  Default PFT = 10.",2011-02-01 20:39:36,2011-02-01 20:39:36,temperate.North_Mid_Hardwood,,plant,1
23,Evergreen hardwood PFT for temperate / sub-tropical region of eastern forest.  No default PFT. Archetypes are live oak and southern magnolia.,2011-02-01 20:43:53,2011-02-01 20:43:53,temperate.Evergreen_Hardwood,,plant,1
24,PFT for temperate trees found in wetlands or riparian habitats.  No default PFT.  Archetypes are cypress and tupelo.,2011-02-01 20:47:51,2011-02-01 20:47:51,temperate.Hydric,,plant,1
41,Generic PFT for temperate deciduous trees.  Good for SIPNET model runs.,2012-07-10 04:11:17,2012-07-10 18:48:06,temperate.deciduous,,plant,3
83,all plants,2011-09-27 15:53:10,2015-01-06 14:03:33.531563,plants2,,plant,1
95,all plants,2011-09-27 15:53:10,2015-01-06 14:03:53.548183,plants3,,plant,1
28,Created by DW,2011-06-07 20:06:59,2011-11-02 02:26:25,ebifarm.acsa3,,plant,1
103,Miscanthus for use with BioCro,2012-09-03 18:00:31,2014-03-11 21:06:34.869088,misp,,plant,2
102,Switchgrass for use with BioCro,2012-09-03 18:00:31,2014-03-11 21:15:31.442172,pavi,,plant,2
62,based on ebifarm.salix; Willow for BioCro,2011-06-07 20:13:02,2014-03-11 21:38:02.441628,salix,,plant,2
104,based on ebifarm.salix; Generic Poplar for BioCro,2011-06-07 20:13:02,2014-03-11 21:57:49.250313,populus,,plant,2
82,"Created by S. Serbin for use with mid successional broadleaf PFTs at the ChEAS sites for the DOE Variance Decomposition Synthesis; Based on the Northern half of midsuccessional temperate hardwoods (e.g. oak, hickory, ash).  Default PFT = 10.",2011-02-01 20:39:36,2013-09-24 14:59:36,temperate.North_Mid_Hardwood.optics,,plant,1
96,Growth respiration for all plants,2011-09-27 15:53:10,2013-10-07 14:51:52,gr.plants,,plant,1
97,Agave spp yield data,2013-10-09 02:24:22,2013-10-09 02:24:22,agave.yield,,plant,1
99,Cloned from sipnet.temperate.deciduous and modified.,2012-07-10 04:11:17,2014-03-10 18:35:02.619107,populus,,plant,1
105,"",2014-06-09 19:26:37.947239,2014-06-09 19:26:37.947239,temperate.Western_Pine,,plant,1
106,"",2014-06-09 23:18:56.123568,2014-06-09 23:18:56.123568,temperate.Western_Hardwood,,plant,1
107,"",2014-06-09 23:43:02.032495,2014-06-09 23:43:02.032495,temperate.Western_Fir,,plant,1
136,Shrub tundra community type - Salix PFT,2017-07-21 17:45:30.796819,2017-11-21 13:25:22.893586,CMT04-Salix.OLD,,plant,4
133,"based on ebifarm.salix; Willow for BioCro

Excludes Salix purpurea and miyabeana, which were intensively measured at Tully, NY, in order to see the impact of site level parameterization on water use.",2017-05-01 20:50:39.6303,2017-05-01 20:52:35.596438,salix-tully-priors,62,plant,2
141,based on ebifarm.salix; Willow for BioCro. Used for initial parameter sweep.,2018-03-15 20:35:45.945778,2018-03-15 20:36:27.882233,hardwood-priors-alltraits,62,plant,2
134,based on ebifarm.salix; Willow for BioCro,2017-06-12 19:45:17.129738,2017-06-12 19:47:57.261598,salix-miyabeana,109,plant,2
1000000086,Temperate needle-leaved evergreen tree,2016-08-12 01:23:17.87474,2016-08-12 01:23:17.87474,TeNE,,plant,1000000006
1000000006,"",2015-11-02 19:21:51.848868,2015-11-02 19:21:51.848868,Scots Pine,,plant,1000000004
1000000002,"",2014-07-29 16:33:11.623898,2015-01-06 14:02:01.501069,deciduous,1000000001,plant,1000000001
1000000004,evergreen,2015-06-19 21:50:23.540734,2015-07-06 18:32:54.906752,evergreen,1000000001,plant,1000000003
1000000005,Early successional hardwood for eastern temperate forest. Default pft = 9. Archetypes are poplar and birch. May want to split into northern and southern types (e.g. sweetgum and tulip poplar). Clone by RK used in PDA tests.,2015-10-09 19:54:43.277959,2015-10-09 19:56:51.338619,temperate.Early_Hardwood.RK,16,plant,1
1000000082,test pft for Gday,2016-05-12 13:55:02.735689,2016-05-12 13:55:02.735689,everygreen.broadleaf,,plant,1000000007
1000000087,"",2016-09-11 15:11:27.869357,2016-10-19 06:51:21.528258,needleleaf_evergreen_temperate_tree,1000000004,plant,1000000009
1000000083,Generic PFT for temperate coniferous trees.,2016-05-13 10:06:14.817546,2016-05-13 10:06:47.147058,temperate.coniferous,42,plant,1000000008
1000000089,"",2016-11-16 00:01:01.446501,2016-11-16 00:01:01.446501,broadleaf_evergreen_tropical_tree,,plant,1000000009
1000000090,Soil biogeochemical parameters,2016-12-22 16:47:48.897674,2016-12-22 16:47:48.897674,soil,,plant,1
1000000092,"created by D. LeBauer for use with Switchgrass at EBI Farm for the DOE Variance Decomposition Synthesis; 

leaf_respiration_rate (prior_id 7) has been removed until bug #1474 is resolved",2017-04-12 16:41:28.189962,2017-04-12 16:41:28.189962,ebifarm.pavi.doe_vd-copy,52,plant,1
1000000085,Soil biogeochemical parameters,2016-08-02 15:36:00.724382,2016-08-02 15:36:00.724382,soil,,plant,3
1000000084,Maespa loose definition of a pft. Maespa does not directly use pft level structure.,2016-07-05 17:55:25.762072,2016-07-05 17:55:25.762072,broadleaf_evergreen_forest,,plant,1000000005
1000000091,"This is a clone of the PFT used by D. LeBauer for use with Switchgrass at EBI Farm for the DOE Variance Decomposition Synthesis. It it used as a preliminary step to model a related grass, cogongrass.  Created by Tempest McCabe April 2017.  Doesn't Work. ",2017-04-10 16:34:36.812595,2017-04-12 17:54:06.578204,cogongrass,,plant,1
1000000081,Shade-tolerant temperate broadleaved evergreen tree - Global PFT,2016-04-29 19:39:23.513771,2016-04-29 19:39:23.513771,TeBE,,plant,1000000006
1000000106,Soil biogeochemical parameters,2017-10-12 23:49:13.969294,2017-10-12 23:49:37.939571,soil.IF,1000000090,plant,1
1000000088,Temperate shade intolerant broadleaf,2016-11-02 22:55:12.88254,2016-11-02 22:55:12.88254,TeIBS,,plant,1000000006
1000000107,Created by Istem to allow varying allocation parameters w/ post-PDA ranges,2017-11-15 19:19:17.672082,2017-11-25 21:43:03.125172,temperate.deciduous_SDA,41,plant,3
1000000094,species not already included in linkages spp parameters,2017-06-16 17:42:07.897406,2017-06-16 17:42:07.897406,Other,,plant,1000000002
1000000003,eastern hemlock in LINKAGES,2015-01-06 16:27:09.107182,2017-07-18 21:46:33.838264,Tsuga.Canadensis_Hemlock,,plant,1000000002
1000000007,"",2015-11-02 19:22:43.007592,2015-11-02 19:22:43.007592,Norway Spruce,,plant,1000000004
1000000009,"",2015-11-06 13:42:53.155021,2017-07-18 21:46:55.176168,Betula.Alleghaniensis_Yellow.Birch,,plant,1000000002
1000000011,"",2015-11-06 13:43:25.172207,2017-07-18 21:47:18.264094,Castanea.Dentata_American.Chestnut,,plant,1000000002
1000000012,"",2015-11-06 13:43:41.582503,2017-07-18 21:47:37.918304,Fagus.Grandifolia_American.Beech,,plant,1000000002
1000000014,"",2015-11-06 13:44:12.046568,2017-07-18 21:48:02.441617,Pinus.Strobus_White.Pine,,plant,1000000002
1000000108,Soil biogeochemical parameters,2017-11-25 19:45:14.39559,2017-11-25 19:56:56.130339,soil_SDA,1000000104,plant,3
1000000010,"",2015-11-06 13:43:10.200966,2016-07-13 19:29:09.184918,Carya Tomentosa (Mockernut Hickory),,plant,1000000002
1000000055,species not in database - added it but might not have done it right - Ann Raiho,2015-11-06 13:55:49.447733,2016-07-13 19:44:51.947039,Quercus Nuttallii (River Red Oak),,plant,1000000002
1000000079,Species level definition for physical attributes of trees to be modeled in Maespa. ,2016-03-02 21:22:27.449653,2016-03-02 21:22:27.449653,eucalyptus,,plant,1000000005
1000000013,"",2015-11-06 13:43:55.898887,2017-11-08 22:16:35.078099,Picea.Glauca_White.Spruce,,plant,1000000002
1000000110,PFT for GDAY. Mostly made for loblolly pine.,2017-12-08 20:03:25.822398,2017-12-08 20:03:25.822398,temperate_southern_pine,,plant,1000000007
1000000111,"Southern Pine (early successional conifer) for eastern temperate forest.  Default PFT = 7.  Archetypes are loblolly, slash, and long-leaf pines.",2017-12-08 20:24:18.097712,2017-12-09 20:49:30.547637,temperate.Southern_Pine_DELETE,20,plant,1000000001
1000000177,White spruce uvafme,2020-06-23 14:18:26.630603,2020-06-23 14:18:26.630603,Picea_glauca,,plant,1000000015
1000000001,"DALEC evergreen.

Species copied from ED2
temperate.Southern_Pine
temperate.Northern_Pine
temperate.Late_Conifer
temperate.Early_Conifer
",2014-07-29 16:33:11.623898,2017-12-09 21:03:09.937451,evergreen,,plant,1000000001
1000000121,Shade-tolerant tropical broadleaved evergreen tree - Global PFT,2018-10-24 13:58:42.716249,2018-10-24 13:58:42.716249,TrBE,,plant,1000000006
1000000115,SIPNET Temperate Deciduous  PFT with priors on all parameters,2018-07-04 19:06:13.536556,2018-07-04 19:07:32.558209,temperate.deciduous.ALL,1000000105,plant,3
1000000129,Created for running models at Barro Colorado Island,2018-12-06 17:54:47.977205,2018-12-06 17:54:47.977205,tropics_BCI-copy,1000000127,plant,3
1000000123,Cloned from broadleaf_evergreen_tropical_tree with added priors for ED_hydro.,2018-11-26 03:49:50.223392,2018-11-26 04:02:02.537775,broadleaf_evergreen_tropical_tree_hydro,2000000014,plant,1
1000000128,Created for running models at Barro Colorado Island,2018-11-29 22:50:21.671983,2018-11-29 22:50:31.336731,tropics_BCI,1000000127,plant,1000000001
1000000120,Cloned from - Created by XF to use with early successional trees in Luquillo. Corresponds with ED default PFT 4.,2018-07-24 16:37:26.93586,2018-07-24 16:41:02.576742,luquillo_tropical,1000000113,plant,1000000001
1000000133,PalEON PFT for Acer rubrum,2019-06-19 16:33:53.113449,2019-06-19 16:33:53.113449,Ace_rub,,plant,1000000006
1000000131,Cloned from broadleaf_evergreen_tropical_tree with added priors for ED_hydro.,2018-12-07 02:27:56.403372,2018-12-07 02:53:03.558846,ED_tropical_hydro,1000000123,plant,1
1000000160,PalEON PFT for Pinus banksiana,2019-06-19 17:06:14.489099,2019-06-19 17:06:14.489099,Pin_ban,,plant,1000000006
1000000161,PalEON PFT for Quercus rubra,2019-06-19 17:09:21.902131,2019-06-19 17:09:21.902131,Que_rub,,plant,1000000006
1000000008,"",2015-11-06 13:10:46.735116,2019-07-10 19:15:52.996603,Acer.Saccharinum_Silver.Maple,,plant,1000000002
1000000165,PFT for Miscanthus x giganteus,2019-08-28 10:29:06.876432,2019-09-09 07:47:07.814515,Mis_gig,,plant,1000000006
1000000169,timothy (Phleum pratense L.),2019-09-25 07:13:55.221479,2019-09-25 07:13:55.221479,timothy,,plant,1000000013
1000000178,"Cloned from ED_tropical_hydro to include uninformative priors for leaf biomass (b1Bl, b2Bl) and rooting depth (b1Rd, b2Rd) allometric parameters that have separate informative prior entries in BETY. Note: this will no longer be necessary when we have multivariate meta-analysis implemented.  ~Betsy",2021-01-22 02:25:21.543571,2021-01-22 03:00:38.804082,ED_tropical_hydro_uc,1000000131,plant,1
1000000170,created by XF for use in prairie,2019-10-21 10:14:42.995036,2019-10-21 10:15:01.992954,ebifarm.c4grass-copy,6,plant,1000000006
1000000104,Soil biogeochemical parameters,2017-09-14 19:44:54.479113,2017-09-14 19:45:11.193177,soil.IF,1000000085,plant,3
1000000105,Generic PFT for temperate deciduous trees.  Good for SIPNET model runs.,2017-09-14 19:45:40.057295,2017-09-14 19:45:50.68066,temperate.deciduous.IF,41,plant,3
1000000080,Shade-tolerant temperate broadleaved summer green tree - Global PFT,2016-03-22 17:44:24.998264,2016-04-29 19:30:46.058216,TeBS,,plant,1000000006
1000000166,PFT for Panicum virgatum,2019-08-28 10:31:52.961512,2019-08-28 10:31:52.961512,Pan_vir,,plant,1000000006
1000000124,Created for running models at Barro Colorado Island,2018-11-26 15:56:01.714056,2018-11-26 18:53:59.351493,tropics_BCI,1000000122,plant,1000000008
1000000134,PalEON PFT for Acer saccharum,2019-06-19 16:34:44.422046,2019-06-19 16:34:44.422046,Ace_saca,,plant,1000000006
1000000130,Created for running models at Barro Colorado Island,2018-12-06 17:54:53.67297,2018-12-06 17:55:17.936614,tropics_BCI,1000000129,plant,1000000002
1000000135,PalEON PFT for Quercus alba ,2019-06-19 16:36:46.375571,2019-06-19 16:36:46.375571,Que_alb,,plant,1000000006
1000000136,PalEON PFT for Liriodendron tulipifera ,2019-06-19 16:37:49.095539,2019-06-19 16:37:49.095539,Lir_tul,,plant,1000000006
1000000137,PalEON PFT for Quercus velutina,2019-06-19 16:38:31.494033,2019-06-19 16:38:31.494033,Que_vel,,plant,1000000006
1000000138,PalEON PFT for Fagus grandifolia ,2019-06-19 16:40:47.796205,2019-06-19 16:40:47.796205,Fag_gra,,plant,1000000006
1000000139,PalEON PFT for Pinus strobus ,2019-06-19 16:41:26.66013,2019-06-19 16:41:26.66013,Pin_str,,plant,1000000006
1000000140,PalEON PFT for Fraxinus americana,2019-06-19 16:42:03.475702,2019-06-19 16:42:03.475702,Fra_ame,,plant,1000000006
1000000141,PalEON PFT for Quercus prinus,2019-06-19 16:42:36.232276,2019-06-19 16:42:36.232276,Que_pri,,plant,1000000006
1000000142,PalEON PFT for Tsuga canadensis,2019-06-19 16:43:12.95872,2019-06-19 16:43:12.95872,Tsu_can,,plant,1000000006
1000000093,"A cloned version of  D. LeBauer for use with Switchgrass at EBI Farm for the DOE Variance Decomposition Synthesis. It it used as a preliminary step to model a related grass, cogongrass. Created by Tempest McCabe April 2017. This is different than cogongrass in that it is a literal clone of the switchgrass PFT. The species associated is cogongrass. ",2017-04-12 16:41:40.057596,2017-08-01 18:21:17.713414,cogongrass2,1000000092,plant,1
1000000109,A pft for the Duke FACE site,2017-12-08 01:15:04.597843,2017-12-08 01:15:04.597843,Duke.loblolly,,plant,1000000001
1000000103,Northern Pine (early successional conifer) PFT for east temperate.  Default pft = 6.  Archetypes are red and white pine.,2017-08-31 20:30:57.650618,2017-08-31 20:32:10.091225,temperate.Northern_Pine.IF,17,plant,1
1000000143,PalEON PFT for Prunus serotina,2019-06-19 16:43:46.705254,2019-06-19 16:43:46.705254,Pru_ser,,plant,1000000006
1000000144,PalEON PFT for Ulmus americana,2019-06-19 16:45:04.221216,2019-06-19 16:45:04.221216,Ulm_ame,,plant,1000000006
1000000145,PalEON PFT for Acer saccharinum ,2019-06-19 16:45:48.255864,2019-06-19 16:45:48.255864,Ace_saci,,plant,1000000006
1000000016,"",2015-11-06 13:44:41.63675,2018-11-28 21:14:55.727044,Ulmus.Americana_American.Elm,,plant,1000000002
1000000023,"",2015-11-06 13:46:23.815694,2017-07-18 21:46:05.009407,Acer.Rubrum_Red.Maple,,plant,1000000002
1000000029,"",2015-11-06 13:48:43.249968,2017-11-08 22:12:36.535285,Carya.Ovata_Shagbark.Hickory,,plant,1000000002
1000000015,"",2015-11-06 13:44:27.621088,2017-07-18 21:49:34.051988,Quercus.Rubra_Northern.Red.Oak,,plant,1000000002
1000000025,"",2015-11-06 13:47:07.80363,2017-07-18 21:50:12.821951,Betula.Lenta_Sweet.Birch,,plant,1000000002
1000000024,"",2015-11-06 13:46:50.532002,2017-07-18 21:50:43.427481,Acer.Saccharum_Sugar.Maple,,plant,1000000002
1000000033,"",2015-11-06 13:49:44.178657,2017-07-18 21:51:09.715816,Fraxinus.Americana_White.Ash,,plant,1000000002
1000000050,"",2015-11-06 13:54:51.846567,2017-07-18 21:51:56.975935,Quercus.Alba_White.Oak,,plant,1000000002
1000000063,"",2015-11-06 13:57:43.038526,2017-07-18 21:52:54.275628,Betula.Populifolia_Gray.Birch,,plant,1000000002
1000000059,"",2015-11-06 13:56:48.056202,2017-07-18 21:53:53.176851,Quercus.Velutina_Black.Oak,,plant,1000000002
1000000146,PalEON PFT for Betula alleghaniensis ,2019-06-19 16:46:22.021365,2019-06-19 16:46:22.021365,Bet_all,,plant,1000000006
1000000061,"",2015-11-06 13:57:12.314204,2016-07-13 19:46:37.879487,Ulmus Alata (Winged Elm),,plant,1000000002
1000000147,PalEON PFT for Quercus macrocarpa,2019-06-19 16:46:59.452193,2019-06-19 16:46:59.452193,Que_mac,,plant,1000000006
1000000148,PalEON PFT for Platanus occidentalis,2019-06-19 16:47:32.662836,2019-06-19 16:47:32.662836,Pla_occ,,plant,1000000006
1000000149,LPJGUESS PFT for Juglans nigra,2019-06-19 16:48:44.861583,2019-06-19 16:48:44.861583,Jug_nig,,plant,1000000006
1000000020,"",2015-11-06 13:45:39.115322,2016-07-13 19:33:17.98973,Tilia Americana (American Basswood),,plant,1000000002
1000000021,"",2015-11-06 13:45:53.779954,2016-07-13 19:33:34.27384,Abies Balsamea (Balsam Fir),,plant,1000000002
1000000022,"",2015-11-06 13:46:08.608974,2016-07-13 19:33:50.94101,Abies Fraseri (Fraser Fir),,plant,1000000002
1000000026,"",2015-11-06 13:47:27.939083,2016-07-13 19:35:14.59475,Carya Cordiformis (Bitternut Hickory),,plant,1000000002
1000000027,"",2015-11-06 13:48:03.516676,2016-07-13 19:35:32.114764,Carya Glabra (Pignut Hickory),,plant,1000000002
1000000028,"",2015-11-06 13:48:21.933633,2016-07-13 19:35:51.873527,Carya Laciniosa (Shellbark Hickory),,plant,1000000002
1000000030,"",2015-11-06 13:48:57.301858,2016-07-13 19:36:30.488994,Carya Texana (Black Hickory),,plant,1000000002
1000000031,"",2015-11-06 13:49:12.852241,2016-07-13 19:36:48.985751,Celtis Laevigata (Sugarberry),,plant,1000000002
1000000032,"",2015-11-06 13:49:29.861799,2016-07-13 19:37:11.909201,Cornus Florida (Flowering Dogwood),,plant,1000000002
1000000034,"",2015-11-06 13:49:57.99083,2016-07-13 19:37:44.07707,Fraxinus Nigra (Black Ash),,plant,1000000002
1000000035,"",2015-11-06 13:50:09.909051,2016-07-13 19:37:59.308216,Prunus Pensylvanica (Pin Cherry),,plant,1000000002
1000000036,"",2015-11-06 13:50:22.256246,2016-07-13 19:38:24.843702,Juglans Cinerea (Butternut),,plant,1000000002
1000000037,"",2015-11-06 13:50:34.823258,2016-07-13 19:38:41.432631,Juglans Nigra (Black Walnut),,plant,1000000002
1000000038,"",2015-11-06 13:50:47.261834,2016-07-13 19:38:59.361844,Juniperus Virginiana (Eastern Red Cedar),,plant,1000000002
1000000039,"",2015-11-06 13:51:00.472175,2016-07-13 19:39:24.707427,Liquidambar Styraciflua (Sweetgum),,plant,1000000002
1000000040,"",2015-11-06 13:51:13.886872,2016-07-13 19:39:42.241015,Liriodendron Tulipifera (Yellow or Tulip Poplar),,plant,1000000002
1000000041,"",2015-11-06 13:51:27.224854,2016-07-13 19:40:20.615065,Carpinus Caroliniana (American Hornbean),,plant,1000000002
1000000042,"",2015-11-06 13:51:38.767309,2016-07-13 19:40:38.418684,Picea Mariana (Black Spruce),,plant,1000000002
1000000043,"",2015-11-06 13:51:50.703902,2016-07-13 19:40:55.834424,Picea Rubens (Red Spruce),,plant,1000000002
1000000044,"",2015-11-06 13:52:01.952146,2016-07-13 19:41:28.321887,Pinus Banksiana (Jack Pine),,plant,1000000002
1000000045,"",2015-11-06 13:52:15.042427,2016-07-13 19:41:45.493434,Pinus Echinata (Shortleaf Pine),,plant,1000000002
1000000046,"",2015-11-06 13:52:37.653325,2016-07-13 19:42:01.86334,Pinus Resinosa (Red Pine),,plant,1000000002
1000000047,"",2015-11-06 13:52:50.49085,2016-07-13 19:42:21.605234,Pinus Taeda (Loblolly Pine),,plant,1000000002
1000000048,"",2015-11-06 13:53:08.506062,2016-07-13 19:42:40.425576,Pinus Virginiana (Virginia Pine),,plant,1000000002
1000000049,"",2015-11-06 13:54:31.635374,2016-07-13 19:42:58.012887,Platanus Occidentalis (American Sycamore),,plant,1000000002
1000000052,"",2015-11-06 13:55:12.869971,2016-07-13 19:43:48.168009,Quercus Falcata (Southern Red Oak),,plant,1000000002
1000000058,"",2015-11-06 13:56:23.105929,2016-07-13 19:45:49.122311,Quercus Stellata (Post Oak),,plant,1000000002
1000000060,species not in database,2015-11-06 13:57:00.196305,2016-07-13 19:46:23.123255,Tilia Heterophylla (White Basswood),,plant,1000000002
1000000062,species not in database,2015-11-06 13:57:29.705412,2016-07-13 19:46:56.355263,Aesculus Octandra (Yellow Buckeye),,plant,1000000002
1000000017,"",2015-11-06 13:44:55.436242,2018-11-28 21:16:28.954109,Larix.Laricina_Tamarack,,plant,1000000002
1000000185,"fake PFT associated with fake cogongrass species ""sudoCogongrass"" to isolate the influence of priors on trait uncertainty. ",2021-05-26 18:14:15.143959,2021-05-26 18:14:15.143959,sudoCogongrass,,plant,1
1000000150,PalEON PFT for Fraxinus pennsylvanica,2019-06-19 16:49:25.656685,2019-06-19 16:49:25.656685,Fra_pen,,plant,1000000006
1000000151,PalEON PFT for Quercus coccinea,2019-06-19 16:50:01.864293,2019-06-19 16:50:01.864293,Que_coc,,plant,1000000006
1000000019,not sure why I can't delete it,2015-11-06 13:45:25.281882,2018-11-28 21:52:41.025504,XXXPopulus.Tremuloides_Quacking.Aspen_OLD,,plant,1000000002
1000000064,"",2015-11-06 13:57:54.198887,2016-07-13 19:47:32.858332,Betula Papyrifera (Paper Birch),,plant,1000000002
1000000070,"",2015-11-06 13:59:04.199406,2016-07-13 19:49:15.095491,Quercus Palustris (Pin Oak),,plant,1000000002
1000000071,"",2015-11-06 13:59:17.485672,2016-07-13 19:49:36.360278,Quercus Virginiana (Southern Live Oak),,plant,1000000002
1000000132,Cloned from broadleaf_evergreen_tropical_tree with added priors for ED_hydro.,2018-12-07 02:53:52.279957,2018-12-07 02:58:43.329772,ED_tropical,1000000123,plant,1
1000000113,Cloned from - Created by XF to use with early successional trees in Luquillo. Corresponds with ED default PFT 4.,2018-04-20 16:23:34.949814,2018-07-24 15:38:46.330381,luquillo_tropical,2000000006,plant,3
1000000051,"",2015-11-06 13:55:01.46642,2016-07-13 19:43:33.616504,Quercus Coccinea (Scarlet Oak),,plant,1000000002
1000000053,"",2015-11-06 13:55:25.758238,2016-07-13 19:44:16.182454,Quercus Lyrata (Overcup Oak),,plant,1000000002
1000000054,"",2015-11-06 13:55:36.827497,2016-07-13 19:44:32.42137,Quercus Marilandica (Blackjack Oak),,plant,1000000002
1000000056,"",2015-11-06 13:56:00.64794,2016-07-13 19:45:08.807647,Quercus Prinus (Chestnut Oak),,plant,1000000002
1000000057,"",2015-11-06 13:56:11.002607,2016-07-13 19:45:26.195229,Quercus Shumardii (Shumard's Oak),,plant,1000000002
1000000078,Species not in database because it is the same as Quercus rubra,2015-11-06 14:00:53.477589,2016-07-13 19:52:28.628398,Quercus Borealis (Northern Red Oak),,plant,1000000002
1000000096,A pft for the Duke FACE site ,2017-08-08 22:34:41.10784,2017-12-08 01:15:42.56105,Duke.loblolly,,plant,1000000008
1000000075,"",2015-11-06 14:00:13.815155,2017-07-18 21:52:22.673281,Prunus.Serotina_Black.Cherry,,plant,1000000002
1000000065,"",2015-11-06 13:58:05.431727,2016-07-13 19:47:47.167416,Fraxinus Quadrangulata (Blue Ash),,plant,1000000002
1000000066,"",2015-11-06 13:58:17.110179,2016-07-13 19:48:01.631189,Populus Balsamifera (Balsam Poplar),,plant,1000000002
1000000067,"",2015-11-06 13:58:29.508983,2016-07-13 19:48:18.950386,Populus Grandidentata (Bigtooth Aspen),,plant,1000000002
1000000068,"",2015-11-06 13:58:40.045033,2016-07-13 19:48:35.095444,Quercus Macrocarpa (Bur Oak),,plant,1000000002
1000000069,"",2015-11-06 13:58:52.778547,2016-07-13 19:48:55.65365,Quercus Muehlenbergii (Chinkapin Oak),,plant,1000000002
1000000073,"",2015-11-06 13:59:42.537049,2016-07-13 19:50:06.429665,Nyssa Sylvatica (Blackgum),,plant,1000000002
1000000074,"",2015-11-06 13:59:56.083348,2016-07-13 19:50:27.329477,Ostrya Virginiana (Eastern Hophornbeam),,plant,1000000002
1000000076,"",2015-11-06 14:00:25.591399,2016-07-13 19:51:01.353526,Pinus Rigida (Pitch Pine),,plant,1000000002
1000000077,"",2015-11-06 14:00:40.111336,2016-07-13 19:51:20.515486,Quercus ellipsoidalis (Northern Pin Oak),,plant,1000000002
1000000097,"Semiarid grassland species: grass-dominated, but including some shrubs found in grasslands. Species from both southwestern US and Great Plains. Species list cloned from SIPNET semiarid.grassland but priors updated for DALEC.",2017-08-17 15:40:22.719902,2017-08-17 16:33:02.562587,semiarid.grassland,1000000095,plant,1000000001
1000000095,"Semiarid grassland species: grass-dominated, but including some shrubs found in grasslands. Species from both southwestern US and Great Plains. ",2017-08-02 20:56:49.231225,2017-08-17 16:33:23.194384,semiarid.grassland,2000000017,plant,3
1000000122,Created for running models at Barro Colorado Island,2018-10-26 15:09:35.188867,2018-10-26 15:09:35.188867,tropics_BCI,,plant,1000000006
1000000098,"This PFT is for small, shrub-height, understory palms such as Saw Palmetto. This PFT is relevant to ecosystems like the southeastern pine forests. It is in contrast to canopy hight, or tree hight palms (Large_palms). ",2017-08-29 15:06:14.513935,2017-08-29 15:06:14.513935,Small_Palms,,plant,1
1000000099,Early successional hardwood for eastern temperate forest. Default pft = 9. Archetypes are poplar and birch. May want to split into northern and southern types (e.g. sweetgum and tulip poplar),2017-08-31 19:40:50.029976,2017-08-31 19:41:33.257172,temperate.Early_Hardwood.IF,16,plant,1
1000000100,"Late successional conifer (e.g. hemlock, juniper, cedar) for eastern temperate forest.  Default pft = 8.",2017-08-31 20:23:19.802757,2017-08-31 20:24:36.46205,temperate.Late_Conifer.IF,19,plant,1
1000000116,Soil biogeochemical parameters,2018-07-04 20:06:36.20835,2018-07-04 20:06:55.669143,soil.ALL,1000000085,plant,3
1000000152,PalEON PFT for Tilia americana,2019-06-19 16:50:48.631969,2019-06-19 16:50:48.631969,Til_ame,,plant,1000000006
1000000153,PalEON PFT for Celtis occidentalis,2019-06-19 16:55:13.421415,2019-06-19 16:55:13.421415,Cel_occ,,plant,1000000006
1000000154,PalEON PFT for Carya glabra,2019-06-19 16:56:02.679698,2019-06-19 16:56:02.679698,Car_gla,,plant,1000000006
1000000114,"Semiarid grassland species: grass-dominated, but including some shrubs found in grasslands. Species from both southwestern US and Great Plains. Tweaked for Walnut Gulch Kendall Grasslands.",2018-05-14 21:25:19.869712,2018-05-17 21:13:22.198895,semiarid.grassland-kendall,1000000095,plant,3
1000000155,PalEON PFT for Carya ovata,2019-06-19 16:56:35.956585,2019-06-19 16:56:35.956585,Car_ova,,plant,1000000006
1000000156,PalEON PFT for Picea rubens,2019-06-19 16:57:09.906884,2019-06-19 16:57:09.906884,Pic_rub,,plant,1000000006
1000000157,PalEON PFT for Abies balsamea,2019-06-19 16:57:46.062916,2019-06-19 16:57:46.062916,Abi_bal,,plant,1000000006
1000000181,"Copied from ED2 PFT (Default pft = 9.) Early successional hardwood for eastern temperate forest. Archetypes are poplar and birch. May want to split into northern and southern types (e.g. sweetgum and tulip poplar) life_form: broad_leaved, cold_deciduous",2021-02-20 09:39:07.516909,2021-02-23 18:06:22.515852,Te.E_H,1000000180,plant,1000000006
1000000168,"Semiarid grassland species: grass-dominated, but including some shrubs found in grasslands. Species from both southwestern US and Great Plains. ",2019-09-23 14:54:27.703783,2019-09-23 14:54:37.465825,semiarid.grassland_HPDA,1000000095,plant,3
1000000193,A cogongrass PFT that is a clone of the switchgrass PFT but missing the prior for one param. ,2021-06-10 19:49:33.549617,2021-06-10 19:51:11.806768,fake_cogongrass_no_fineroot2leaf,1000000093,plant,1
1000000194,A cogongrass PFT that is a clone of the switchgrass PFT but missing the prior for one param. ,2021-06-10 19:51:16.573648,2021-06-10 19:53:09.807731,fake_cogongrass_no_root_turnover,1000000093,plant,1
1000000163,PalEON PFT for Betula populifolia,2019-06-19 18:04:21.952329,2019-06-19 18:04:21.952329,Bet_pop,,plant,1000000006
1000000112,"DALEC evergreen.

Species copied from ED2_temperate.Southern_Pine. Southern Pine (early successional conifer) for eastern temperate forest. Archetypes are loblolly, slash, and long-leaf pines.

t1: litter_decomposition_to_SOM
t2: autotrophic_respiration_fraction
t3: leaf_allocation_fraction
t4: root_allocation_fraction
t5: leaf_turnover_rate/365
t6: wood_turnover_rate/365
t7: root_turnover_rate/365
t8: litter_respiration_rate
t9: som_respiration_rate",2017-12-09 20:47:10.926867,2019-10-31 03:03:13.819169,temperate.Southern_Pine,1000000001,plant,1000000001
1000000182,"Copied from ED2 PFT (Default pft = 7.) Southern Pine (early successional conifer) for eastern temperate forest. Archetypes are loblolly, slash, and long-leaf pines. life_form = evergreen
",2021-02-20 09:45:35.118372,2021-02-23 18:06:22.515852,Te.S_P,20,plant,1000000006
1000000201,A cogongrass PFT that is a clone of the switchgrass PFT but missing the prior for one param. ,2021-06-11 14:14:41.862855,2021-06-11 14:15:32.948459,fake_cogongrass_no_Vcmax,1000000198,plant,1
1000000101,Late successional hardwood species for eastern temperate forest.  This corresponds to ED's PFT 11. Archetypes would be sugar maple and beech.,2017-08-31 20:26:07.747925,2017-08-31 20:27:46.205126,temperate.Late_Hardwood.IF,15,plant,1
1000000187,A cogongrass PFT that is a clone of the switchgrass PFT but missing the prior for one param. ,2021-06-10 18:59:44.259299,2021-06-10 19:08:06.747818,cogongrass_no_growth_resp_factor,25,plant,1
1000000102,"Northern half of midsuccessional temperate hardwoods (e.g. oak, hickory, ash).  Default PFT = 10.",2017-08-31 20:28:52.00004,2017-08-31 20:30:03.381169,temperate.North_Mid_Hardwood.IF,21,plant,1
1000000188,A cogongrass PFT that is a clone of the switchgrass PFT but missing the prior for one param. ,2021-06-10 18:59:48.16015,2021-06-10 19:34:14.740667,cogongrass_leaf_turnover_rate,1000000187,plant,1
1000000196,"A cloned version of  D. LeBauer for use with Switchgrass at EBI Farm for the DOE Variance Decomposition Synthesis. It it used as a preliminary step to model a related grass, cogongrass. Created by Tempest McCabe April 2017. This is different than cogongrass in that it is a literal clone of the switchgrass PFT. The species associated is cogongrass. ",2021-06-10 20:05:51.808146,2021-06-10 20:05:51.808146,cogongrass2-copy,1000000093,plant,1
1000000200,A cogongrass PFT that is a clone of the switchgrass PFT but missing the prior for one param. ,2021-06-10 20:44:48.16397,2021-06-11 14:13:48.840335,fake_cogongrass_no_SLA,1000000198,plant,1
1000000197,A cogongrass PFT that is a clone of the switchgrass PFT but missing the prior for one param. ,2021-06-10 20:37:50.029303,2021-06-10 20:40:10.211175,fake_cogongrass_no_r_fract,1000000092,plant,1
1000000202,"",2021-06-11 14:16:11.988573,2021-06-11 14:16:47.105087,fake_cogongrass_no_water_conductance,1000000198,plant,1
1000000199,A cogongrass PFT that is a clone of the switchgrass PFT but missing the prior for one param. ,2021-06-10 20:40:37.43148,2021-06-10 20:43:53.958805,fake_cogongrass_no_root_respiration_rate,1000000198,plant,1
1000000198,A cogongrass PFT that is a clone of the switchgrass PFT but missing the prior for one param. ,2021-06-10 20:40:32.401348,2021-06-11 14:17:55.22236,fake_cogongrass_no_quantum_efficiency,1000000092,plant,1
1000000018,"",2015-11-06 13:45:10.765478,2018-11-28 21:13:34.146702,Fraxinus.Pennsylvanica_Green.Ash,,plant,1000000002
1000000072,"",2015-11-06 13:59:29.743868,2018-11-28 21:14:25.685657,Thuja.Occidentalis_Northern.White.Cedar,,plant,1000000002
1000000125,"",2018-11-28 21:15:43.96036,2018-11-28 21:15:43.96036,Populus.Tremuloides_Quacking.Aspen,,plant,1000000002
1000000126,Shade-tolerant tropical broadleaved evergreen tree - Global PFT,2018-11-29 21:35:06.79217,2018-11-29 21:35:20.867756,TrBE,1000000121,plant,3
1000000158,PalEON PFT for Picea mariana,2019-06-19 17:02:52.820412,2019-06-19 17:02:52.820412,Pic_mar,,plant,1000000006
1000000159,PalEON PFT for Picea glauca ,2019-06-19 17:03:36.946318,2019-06-19 17:03:36.946318,Pic_gla,,plant,1000000006
1000000176,test - not real,2020-03-12 18:54:12.994103,2020-03-12 18:54:12.994103,test,,plant,1000000012
1000000167,Soil biogeochemical parameters,2019-09-17 13:01:35.01334,2019-09-23 14:06:56.550939,soil.ALL_Arid_GrassHPDA,1000000116,plant,3
1000000184,Generic PFT for temperate coniferous trees.,2021-03-29 05:15:21.52151,2021-03-29 05:15:21.52151,temperate.coniferous-copy,1000000083,plant,1000000008
1000000179,"Cloned from ED_tropical to include uninformative priors for leaf biomass (b1Bl, b2Bl) and rooting depth (b1Rd, b2Rd) allometric parameters that have separate informative prior entries in BETY. Note: this will no longer be necessary when we have multivariate meta-analysis implemented.  ~Betsy",2021-01-22 04:37:46.102266,2021-01-23 21:25:18.648276,ED_tropical_uc,1000000132,plant,1
1000000186,"A cloned version of  D. LeBauer for use with Switchgrass at EBI Farm for the DOE Variance Decomposition Synthesis. It it used as a preliminary step to model a related grass, cogongrass. Created by Tempest McCabe April 2017. This is different than cogongrass in that it is a literal clone of the switchgrass PFT. The species associated is cogongrass. ",2021-05-27 17:02:05.276196,2021-05-27 17:02:55.484309,sudoCogongrass2,1000000093,plant,1
1000000118,SIPNET Temperate Deciduous  PFT with priors on all parameters,2018-07-12 15:18:13.824965,2020-08-06 07:50:47.95728,temperate.deciduous.HPDA,1000000115,plant,3
1000000117,Soil biogeochemical parameters,2018-07-12 14:36:02.290483,2020-08-06 07:51:22.969145,soil.HPDA,1000000116,plant,3
1000000180,Early successional hardwood for eastern temperate forest. Default pft = 9. Archetypes are poplar and birch. May want to split into northern and southern types (e.g. sweetgum and tulip poplar),2021-02-20 09:38:46.956083,2021-02-20 09:38:46.956083,temperate.Early_Hardwood-copy,16,plant,1
1000000174,Pinus sylvestris,2019-12-04 10:26:04.109749,2019-12-04 10:26:04.109749,Pin_syl,,plant,1000000006
1000000172,Cloned from broadleaf_evergreen_tropical_tree with added priors for ED_hydro.,2019-11-01 19:53:48.046675,2019-11-01 19:57:04.481759,ED_tropical_demo,1000000132,plant,1
1000000175,timothy (Phleum pratense L.),2019-12-11 06:53:31.714695,2019-12-12 13:14:49.802856,timothy,,plant,1000000014
1000000162,PalEON PFT for Betula lenta,2019-06-19 18:03:26.984655,2019-06-19 18:03:26.984655,Bet_len,,plant,1000000006
1000000183,"Copied from ED2 PFT (Default pft = 7.) Southern Pine (early successional conifer) for eastern temperate forest. Archetypes are loblolly, slash, and long-leaf pines.",2021-02-23 19:49:50.604038,2021-02-23 19:50:51.668557,temperate.Southern_Pine,20,plant,1000000008
1000000173,Cloned from broadleaf_evergreen_tropical_tree with added priors for ED_hydro.,2019-11-01 19:54:46.336686,2019-11-01 19:58:48.230228,ED_tropical_hydro_demo,1000000131,plant,1
1000000127,Created for running models at Barro Colorado Island,2018-11-29 22:04:08.165988,2018-11-29 22:04:17.395165,tropics_BCI,1000000122,plant,3
1000000189,A cogongrass PFT that is a clone of the switchgrass PFT but missing the prior for one  param. This is missing the prior and data for mort2,2021-06-10 18:59:53.21698,2021-06-10 19:04:45.259756,Cogongrass_no_mort,1000000188,plant,1
1000000190,A cogongrass PFT that is a clone of the switchgrass PFT but missing the prior for one param. ,2021-06-10 19:34:17.097189,2021-06-10 19:34:17.097189,cogongrass_leaf_turnover_rate-copy,1000000188,plant,1
1000000195,A cogongrass PFT that is a clone of the switchgrass PFT but missing the prior for one param. ,2021-06-10 19:53:17.670057,2021-06-10 20:05:34.161174,fake_cogongrass_no_stomatal_slope,1000000093,plant,1
1000000191,A cogongrass PFT that is a clone of the switchgrass PFT but missing the prior for one param. ,2021-06-10 19:46:27.266154,2021-06-10 19:47:34.127544,fake_cogongrass_no_mort,1000000093,plant,1
1000000192,A cogongrass PFT that is a clone of the switchgrass PFT but missing the prior for one param. ,2021-06-10 19:47:44.18195,2021-06-10 19:49:26.021425,fake_cogongrass_no_growthresp_factor,1000000093,plant,1
1000000164,PalEON PFT for Hamamelis virginiana,2019-06-19 18:05:40.221417,2019-06-19 18:05:40.221417,Ham_vir,,plant,1000000006
2000000009,PFT for testing,2016-09-15 13:21:35.576286,2016-09-15 13:21:35.576286,maat.testing1,,plant,2000000001
2000000007,Basic all plants PFT for the MAAT model.  Cloned from an ED2 example,2016-04-11 15:00:39.008867,2016-04-11 15:03:10.154362,maat.all.plants,95,plant,2000000001
2000000008,Test tropical PFT for MAAT,2016-04-11 15:36:51.83085,2016-04-11 15:39:19.68229,luquillo.late_tropical,121,plant,2000000001
2000000013,"",2016-12-01 13:21:00.547114,2016-12-01 13:23:32.234472,broadleaf_evergreen_tropical_tree.2,1000000089,plant,1000000009
2000000015,"",2016-12-08 18:16:29.115932,2016-12-08 18:16:48.692368,tundra.deciduous.NGEE_Arctic,13,plant,1
2000000024,"",2017-11-15 19:46:22.139485,2017-11-15 19:46:22.139485,boreal.coniferous,,plant,3
2000000016,"",2016-12-08 18:44:27.979785,2016-12-08 18:45:13.075383,tundra.grass.NGEE_Arctic,12,plant,1
2000000026,"",2017-11-19 11:50:19.379602,2017-11-19 11:50:31.6823,boreal.coniferous.2,2000000024,plant,3
2000000017,"",2016-12-09 17:13:33.813582,2016-12-09 17:14:13.357086,tundra.deciduous.NGEE_Arctic,2000000015,plant,3
2000000040,CMT04 - Shrub tundra community type.  PFT: Sedges,2018-06-20 16:44:24.441918,2018-10-05 20:50:28.600059,CMT04-Sedges,2000000031,plant,4
2000000018,"",2016-12-09 17:46:05.052099,2016-12-09 17:46:45.112803,tundra.evergreen.NGEE_Arctic,14,plant,3
2000000032,"",2017-11-28 18:40:10.618275,2017-11-28 18:40:10.618275,tropical.panama_pnm,,plant,2000000001
2000000036,Tropical PFT for the Panama canopy crane sites.  Medlyn stomatal slope implementation,2017-12-01 20:50:33.236443,2017-12-01 20:51:41.437307,tropical.panama_medlyn_noSPP,2000000033,plant,2000000001
2000000028,CMT06 - Wet Sedge Tundra.  PFT Forbs,2017-11-24 14:20:51.397895,2017-11-24 14:50:01.448807,CMT06-Forbs,,plant,4
2000000043,Generic PFT for temperate evergreen needleleaf trees. Good for SIPNET model runs.,2018-08-03 14:22:17.479519,2018-08-03 14:23:07.941479,temperate.needleleaf.evergreen,42,plant,3
2000000045,SIPNET Temperate Deciduous PFT with priors on all parameters,2018-08-29 13:04:31.602251,2018-08-29 13:05:06.892954,temperate.broadleaf.deciduous,1000000115,plant,3
2000000035,CMT05 - Tussock tundra community type.  PFT: Betula,2017-11-30 19:20:24.086371,2018-10-05 20:51:08.376758,CMT05-Betula,,plant,4
2000000030,CMT06 - Wet Sedge Tundra.  PFT Grasses,2017-11-24 14:59:37.914775,2017-11-24 15:01:03.164565,CMT06-Grasses,2000000029,plant,4
2000000029,CMT06 - Wet Sedge Tundra.  PFT Sedges,2017-11-24 14:55:22.822015,2017-11-24 15:27:12.787488,CMT06-Sedges.OLD,2000000028,plant,4
2000000031,CMT06 - Wet Sedge Tundra.  PFT Sedges,2017-11-24 15:27:42.844738,2017-11-24 15:27:42.844738,CMT06-Sedges,,plant,4
2000000052,"",2018-10-12 13:51:18.31727,2018-10-12 13:51:18.31727,tropical.panama_pnm_medlyn,,plant,2000000001
2000000047,"DALEC temperate.broadleaf.deciduous

Species copied from SIPNET:
temperate.broadleaf.deciduous",2018-09-26 19:39:06.126261,2018-09-26 19:39:26.807618,temperate.broadleaf.deciduous,2000000045,plant,1000000001
2000000042,"CMT04 Shrub tundra community type - Salix PFT, variant 1",2018-06-20 17:48:03.871795,2018-11-12 19:22:28.672513,CMT04-Salix.1,,plant,4
2000000056,CMT04 - Shrub tundra community type. PFT: Forbs,2018-10-26 00:23:06.523231,2018-10-26 00:23:23.415948,CMT04-Forbs,2000000055,plant,4
2000000057,CMT04 - Shrub tundra community type. PFT: Grasses,2018-10-26 00:24:59.984172,2018-10-26 00:26:08.003373,CMT04-Grasses,2000000055,plant,4
2000000067,CMT06 - Wet Sedge community type. PFT: Decid,2018-11-12 21:41:42.62872,2018-11-12 21:42:13.649075,CMT06-Decid,2000000061,plant,4
2000000058,CMT04 - Shrub tundra community type. PFT: Lichens,2018-10-26 00:26:54.741307,2018-10-26 00:27:41.996793,CMT04-Lichens,2000000055,plant,4
2000000077,CMT04 - Shrub tundra community type. PFT: Decid,2018-11-27 21:14:38.284372,2018-11-27 21:25:45.697151,CMT04-Decid,2000000055,plant,4
2000000059,CMT04 - Shrub tundra community type. PFT: Feather,2018-10-26 00:28:15.891486,2018-10-26 00:28:41.017745,CMT04-Feather,2000000055,plant,4
2000000068,CMT06 - Wet Sedge community type. PFT: Lichens,2018-11-12 21:42:23.909499,2018-11-12 21:44:51.974729,CMT06-Lichens,2000000067,plant,4
2000000069,CMT06 - Wet Sedge community type. PFT: Feather,2018-11-12 21:45:13.655417,2018-11-12 21:45:31.740826,CMT06-Feather,2000000067,plant,4
2000000070,CMT06 - Wet Sedge community type. PFT: Sphag,2018-11-12 21:45:37.679081,2018-11-12 21:45:58.442359,CMT06-Sphag,2000000067,plant,4
2000000071,CMT07 - Heath Tundra community type. PFT: Decid,2018-11-12 21:52:24.786997,2018-11-12 21:52:51.942805,CMT07-Decid,2000000067,plant,4
2000000072,CMT07 - Heath Tundra community type. PFT: EGreen,2018-11-12 21:52:55.855646,2018-11-12 21:53:12.802841,CMT07-EGreen,2000000071,plant,4
2000000073,CMT07 - Heath Tundra community type. PFT: Forbs,2018-11-12 21:53:18.654044,2018-11-12 21:53:33.548716,CMT07-Forbs,2000000071,plant,4
2000000049,"MAAT model PFT based on species listed at SLZ site in Norby et al 2016 and Jin Wu, unpublished.",2018-10-09 16:10:02.260264,2018-10-09 16:11:39.946691,tropical.panama_slz_medlyn,,plant,2000000001
2000000074,CMT07 - Heath Tundra community type. PFT: Lichens,2018-11-12 21:53:41.613048,2018-11-12 21:53:55.766705,CMT07-Lichens,2000000071,plant,4
2000000041,created by DW for use with poplar,2018-06-20 17:46:37.978367,2018-06-20 17:46:37.978367,tempdecid-copy,4,plant,1
2000000075,CMT07 - Heath Tundra community type. PFT: Grasses,2018-11-12 21:54:10.570762,2018-11-12 21:54:25.494599,CMT07-Grasses,2000000071,plant,4
2000000025,Shrub tundra community type - Salix PFT,2017-11-17 21:00:36.40943,2017-11-17 21:00:36.40943,CMT04-Salix-copy,136,plant,4
2000000076,CMT07 - Heath Tundra community type. PFT: Moss,2018-11-12 21:54:37.586958,2018-11-12 21:54:50.303649,CMT07-Moss,2000000071,plant,4
2000000078,"CMT05 - Tussock Tundra community type. PFT: EGreen
Variant made because the original version was making PEcAn choke during the Trait stage...",2018-11-28 17:05:24.979479,2018-11-28 17:06:57.348019,CMT05-EGreen.1,2000000060,plant,4
2000000033,Tropical PFT for the Panama canopy crane sites.  Includes species found in both PNM and SLZ.  Medlyn stomatal slope implementation,2017-11-29 16:03:38.846153,2018-10-08 19:37:49.988703,tropical.panama_medlyn,2000000021,plant,2000000001
2000000011,PFT for testing,2016-10-17 18:53:42.164081,2016-10-17 18:53:57.824854,maat.testing2,2000000009,plant,2000000001
2000000044,MAAT model temperate deciduous  PFT,2018-08-24 20:01:17.284032,2018-08-24 20:02:11.701797,temperate.deciduous,1000000115,plant,2000000001
2000000010,Test tropical PFT for MAAT,2016-09-19 17:09:39.971606,2016-09-19 17:10:04.536955,luquillo.late_tropical.2,2000000008,plant,2000000001
2000000014,Cloned from FATES PFT,2016-12-05 14:47:59.864261,2016-12-05 14:49:54.343859,broadleaf_evergreen_tropical_tree,1000000089,plant,1
2000000019,Created by CD for use in tundra,2017-09-12 19:35:48.495739,2017-09-12 19:35:48.495739,tundra.deciduous-copy,13,plant,1
2000000060,CMT05 - Tussock Tundra community type. PFT: Decid,2018-10-26 00:40:43.988562,2018-10-26 00:41:45.733762,CMT05-Decid,2000000055,plant,4
2000000079,"CMT05 - Tussock Tundra community type. PFT: Sphag.1
This is a variant of the original Spahg PFT because we were encountering issues with it crashing during the Trait stage.",2018-11-29 16:35:02.904407,2018-11-29 16:37:57.552527,CMT05-Sphag.1,2000000062,plant,4
2000000061,CMT05 - Tussock Tundra community type. PFT: EGreen,2018-10-26 00:41:56.830544,2018-10-26 00:42:21.007395,CMT05-EGreen,2000000060,plant,4
2000000062,CMT05 - Tussock Tundra community type. PFT: Sedges,2018-10-26 00:44:45.365201,2018-10-26 00:45:03.224104,CMT05-Sedges,2000000060,plant,4
2000000053,CMT04 - Shrub tundra community type. PFT: Decid,2018-10-17 17:37:14.622513,2018-11-27 21:14:05.024077,CMT04-Decid.empty,,plant,4
2000000012,Test tropical PFT for MAAT,2016-10-27 18:19:13.332456,2016-10-27 18:19:37.864836,luquillo.late_tropical.3,2000000010,plant,2000000001
2000000038,"",2017-12-02 13:07:08.977074,2017-12-02 13:07:08.977074,tundra.grasses,,plant,3
2000000063,CMT05 - Tussock Tundra community type. PFT: Forbs,2018-10-26 00:50:51.094569,2018-10-26 00:51:14.6067,CMT05-Forbs,2000000060,plant,4
2000000064,CMT05 - Tussock Tundra community type. PFT: Lichens,2018-10-26 00:51:24.184612,2018-10-26 00:51:44.00989,CMT05-Lichens,2000000060,plant,4
2000000065,CMT05 - Tussock Tundra community type. PFT: Feather,2018-10-26 00:51:49.351495,2018-10-26 00:52:07.813,CMT05-Feather,2000000060,plant,4
2000000066,CMT05 - Tussock Tundra community type. PFT: Sphag,2018-10-26 00:52:18.945948,2018-10-26 00:52:37.510519,CMT05-Sphag,2000000060,plant,4
2000000034,Tropical PFT for the Panama canopy crane sites. Includes species found in both PNM and SLZ.  Ball-Berry stomatal slope implementation,2017-11-29 16:14:21.315156,2018-10-10 11:22:22.566025,tropical.panama_ballberry,2000000021,plant,2000000001
2000000001,All maple PFT for MAAT model,2016-03-31 14:42:21.553683,2016-04-11 14:59:14.444829,maat.acer,,plant,2000000001
2000000020,CMT04 - Shrub tundra community type. PFT: Betula,2017-10-13 12:17:27.360392,2018-10-17 22:13:08.311081,CMT04-Betula,,plant,4
2000000021,Tropical PFT for the Panama canopy crane sites.  Leuning stomatal slope implementation,2017-11-14 20:25:37.396204,2017-11-29 16:02:58.317099,tropical.panama_leuning,,plant,2000000001
2000000081,https://en.wikipedia.org/wiki/Mesquite,2019-01-23 03:50:13.544474,2019-01-23 03:50:13.544474,mesquite,,plant,3
2000000022,PFT representing pioneer and other hardwood species in the boreal biome. Examples include trembling aspen and balsam poplar ,2017-11-15 13:12:50.464408,2017-11-15 13:12:50.464408,boreal.hardwood,,plant,1
2000000027,Shrub tundra community type - Salix PFT,2017-11-23 12:46:14.757233,2017-11-23 12:52:23.262291,CMT04-Salix,,plant,4
2000000006,Cloned from - Created by XF to use with early successional trees in Luquillo. Corresponds with ED default PFT 4.,2016-04-07 22:11:03.627953,2016-04-07 22:11:35.965015,luquillo.late_tropical,121,plant,3
2000000055,CMT04 - Shrub tundra community type. PFT: EGreen,2018-10-17 21:59:15.62795,2018-10-17 22:12:21.428926,CMT04-EGreen,2000000020,plant,4
2000000003,Dalec ponderosa pine,2016-04-02 15:41:02.797274,2016-04-02 15:41:19.816114,dalec.pondersoa_pine,1000000001,plant,1000000001
2000000023,"Picea mariana, as typically dominates lowland sites across much of interior Alaska and Canada. 

Cloned from boreal.blackspruce",2017-11-15 13:26:04.232097,2017-11-15 13:26:34.307026,boreal.blackspruce.2,51,plant,1
2000000082,"CMT05 - Tussock tundra community type.  PFT: Betula
For some reason was having issues with the original Betula. This is a clone of CMT05-Betula.",2019-01-23 21:36:41.340975,2019-01-23 21:37:48.448542,CMT05-Betula.copy,2000000035,plant,4
2000000083,"CMT05 - Tussock tundra community type. PFT: Betula
Copy made by hand to get around ""pre existing posteriors problem""",2019-01-23 21:53:38.958969,2019-01-23 22:08:33.193874,CMT05-Betula.copy.2,,plant,4
2000000086,CMT06 - Wet Sedge community type. PFT: Sphag. Calibration variant.,2020-04-13 16:02:19.110376,2020-04-22 18:57:14.847631,CMT06-Sphag.cal,,plant,4
2000000087,CMT06 - Wet Sedge community type. PFT: Feather. Calibration variant.,2020-04-22 18:59:06.585635,2020-04-22 18:59:06.585635,CMT06-Feather.cal,,plant,4
2000000088,CMT06 - Wet Sedge community type. PFT: Lichens. Calibration variant.,2020-04-22 19:01:39.594804,2020-04-22 19:01:39.594804,CMT06-Lichens.cal,,plant,4
2000000089,CMT06 - Wet Sedge community type. PFT: Forbs. Calibration variant.,2020-04-22 19:13:32.22448,2020-04-22 19:13:32.22448,CMT06-Forbs.cal,,plant,4
2000000090,CMT06 - Wet Sedge community type. PFT: Grasses. Calibration variant.,2020-04-22 19:17:30.792581,2020-04-22 19:17:30.792581,CMT06-Grasses.cal,,plant,4
2000000091,CMT06 - Wet Sedge community type. PFT: Sedges. Calibration variant.,2020-04-22 19:19:14.19347,2020-04-22 19:19:14.19347,CMT06-Sedges.cal,,plant,4
2000000092,CMT06 - Wet Sedge community type. PFT: Decid. Calibration variant.,2020-04-22 19:21:15.001149,2020-04-22 19:21:15.001149,CMT06-Decid.cal,,plant,4
2000000005,Evergreen needle-leaf PFT for Long Island pine barrens.  Good resource for characteristic species: https://guides.nynhp.org/pitch-pine-oak-forest/,2016-04-02 15:58:43.726466,2019-01-31 21:05:15.917513,temperate.needleleaf.LIpinebarrens,42,plant,3
2000000085,"MAAT model PFT based on species listed at SLZ site in Norby et al 2016 and Jin Wu, unpublished.",2019-04-25 16:01:53.936047,2019-04-25 16:02:31.707756,tropical.panama_slz_ballberry,2000000049,plant,2000000001
2000000084,Oak/Pine barrens PFT for use at North American pine sites.  Good resource for characteristic species: https://guides.nynhp.org/pitch-pine-oak-forest/,2019-01-31 21:29:40.325745,2019-01-31 21:30:52.436572,temperate.oakpinebarrens,2000000005,plant,3
5000000001,Wetland shrub/sedge alnus/salix fen,2017-11-14 17:58:50.333576,2017-11-14 18:05:24.080899,temperate.wetland,,plant,3
5000000002,created by XX,2019-06-29 19:59:39.181266,2019-06-29 19:59:39.181266,jiufeng_enf,,plant,1
5000000003,created by XX,2019-06-29 20:24:38.259244,2019-06-29 20:24:38.259244,jiufeng_dbf,,plant,1
